{
  "train_samples": 14910,
  "test_samples": 3860,
  "split_date": "2026-03-13 00:00:00",
  "num_players": 375,
  "min_minutes_avg": 15.0,
  "season": "2024-25",
  "metrics": {
    "mae": 5.179547309875488,
    "rmse": 44.02252197265625,
    "r2": 0.3622807264328003,
    "within_3": 0.360880829015544,
    "within_5": 0.5730569948186528,
    "within_10": 0.8774611398963731
  },
  "top_features": [
    "fga_avg_5",
    "pts_avg_5",
    "fta_avg_5",
    "usage_avg_5",
    "min_avg_5",
    "tov_avg_5",
    "ft_pct_trend",
    "rest_days",
    "fg3_pct_avg_5",
    "stl_avg_5"
  ]
}